Workbook

Sheet blade
B2: Max torsion | C2: 14.11 | D2: deg | E2: =1.33*C2 -> 18.7663 | O2: Kblade_simTuboRigido
B4: 43790 | C4: ground | D4: arb_eq [Nm/deg] | E4: Tube deflection ratio | F4: Ktube [Nm/deg] | G4: Kblade [Nm/deg] | H4: Max Trq | O4: Sp | P4: L | Q4: Rot | R4: Myy [Nm] | S4: Rot y - half bar rad | T4: Rot y- deg | U4: K blade | V4: Stress Max | W4: SF | Z4: 0 | AA4: 90
B5: ref | C5: 1948 | D5: 38.92 | E5: 0.95315513 | F5: =1/E5*D5 -> 40.832808 | G5: =1/(1-E5)*D5 -> 830.8273 | H5: =D5*$C$2 -> 549.1612 | O5: 5.6 | P5: 64 | Q5: 0 | R5: 776 | S5: =0.008 -> 0.008 | T5: =S5*57.325 -> 0.4586 | U5: =R5/T5/2 -> 846.05321 | V5: 881 | W5: =1400/V5 -> 1.5891033 | Y5: 4.6 | Z5: 623 | AA5: 94
O6: 5.6 | P6: 64 | Q6: 90 | R6: 564 | S6: =0.0394 -> 0.0394 | T6: =S6*57.325 -> 2.258605 | U6: =R6/T6/2 -> 124.85583 | V6: 1222 | W6: =1400/V6 -> 1.1456628 | Y6: 5.6 | Z6: 846 | AA6: 125
B7: max 1 | C7: 2700 | D7: =$D$5/$C$5*C7 -> 53.944559 | E7: 0.93616029 | F7: =1/E7*D7 -> 57.623208 | G7: =1/(1-E7)*D7 -> 845 | H7: =D7*$C$2 -> 761.15772 | O7: 4.6 | P7: 64 | Q7: 0 | R7: 592 | S7: 0.00828 | T7: =S7*57.325 -> 0.474651 | U7: =R7/T7/2 -> 623.61609 | V7: 862 | W7: =1400/V7 -> 1.6241299 | Y7: 4.4 | Z7: 580 | AA7: 84
B8: min 1 | C8: 2050 | D8: =$D$5/$C$5*C8 -> 40.957906 | E8: 0.7108314 | F8: =1/E8*D8 -> 57.619719 | G8: =1/(1-E8)*D8 -> 141.64023 | H8: =D8*$C$2 -> 577.91605 | O8: 4.6 | P8: 64 | Q8: 90 | R8: 423 | S8: =0.0394 -> 0.0394 | T8: =S8*57.325 -> 2.258605 | U8: =R8/T8/2 -> 93.641872 | V8: 1304 | W8: =1400/V8 -> 1.0736196 | Y8: 4 | Z8: 499 | AA8: 70
O9: 4.4 | P9: 64 | Q9: 0 | R9: 437 | S9: =0.006564 -> 0.006564 | T9: =S9*57.325 -> 0.3762813 | U9: =R9/T9/2 -> 580.68259 | V9: 674 | W9: =1400/V9 -> 2.0771513 | Y9: 3.8 | Z9: 460 | AA9: 63
B10: max2 | C10: 2100 | D10: =$D$5/$C$5*C10 -> 41.956879 | E10: 0.95034687 | F10: =1/E10*D10 -> 44.149015 | G10: =1/(1-E10)*D10 -> 844.99975 | H10: =D10*$C$2 -> 592.01156 | O10: 4.4 | P10: 64 | Q10: 90 | R10: 282 | S10: =0.02896 -> 0.02896 | T10: =S10*57.325 -> 1.660132 | U10: =R10/T10/2 -> 84.933005 | V10: 886 | W10: =1400/V10 -> 1.5801354 | Y10: 3.4 | Z10: 385 | AA10: 50
B11: min2 | C11: 1667.7201 | D11: =$D$5/$C$5*C11 -> 33.320157 | E11: 0.75470345 | F11: =1/E11*D11 -> 44.15 | G11: =1/(1-E11)*D11 -> 135.83622 | H11: =D11*$C$2 -> 470.14742 | O11: 4 | P11: 64 | Q11: 0 | R11: 437 | S11: 0.007626 | T11: =S11*57.325 -> 0.43716045 | U11: =R11/T11/2 -> 499.81649 | V11: 761 | W11: =1400/V11 -> 1.8396846
O12: 4 | P12: 64 | Q12: 90 | R12: 282 | S12: 0.03531 | T12: =S12*57.325 -> 2.0241458 | U12: =R12/T12/2 -> 69.659015 | V12: 1028 | W12: =1400/V12 -> 1.3618677
B13: max2 | C13: 2100 | D13: =$D$5/$C$5*C13 -> 41.956879 | E13: 0.93265349 | F13: =1/E13*D13 -> 44.986567 | G13: =1/(1-E13)*D13 -> 623.00003 | H13: =D13*$C$2 -> 592.01156 | O13: 3.4 | P13: 64 | Q13: 0 | R13: 296 | S13: 0.006703 | T13: =S13*57.325 -> 0.38424948 | U13: =R13/T13/2 -> 385.16643 | V13: 639 | W13: =1400/V13 -> 2.1909233
B14: min2 | C14: 1500 | D14: =$D$5/$C$5*C14 -> 29.969199 | E14: 0.66613075 | F14: =1/E14*D14 -> 44.989965 | G14: =1/(1-E14)*D14 -> 89.763281 | H14: =D14*$C$2 -> 422.8654 | O14: 3.4 | P14: 64 | Q14: 90 | R14: 197 | S14: 0.03428 | T14: =S14*57.325 -> 1.965101 | U14: =R14/T14/2 -> 50.12465 | V14: 938 | W14: =1400/V14 -> 1.4925373
O15: 3.6 | P15: 64 | Q15: 0 | R15: 296 | S15: 0.006117 | T15: =S15*57.325 -> 0.35065703 | U15: =R15/T15/2 -> 422.06484 | V15: 589 | W15: =1400/V15 -> 2.37691
O16: 3 | P16: 64 | Q16: 0
O17: 3 | P17: 64 | Q17: 90 | R17: 197 | S17: 0.04384 | T17: =S17*57.325 -> 2.513128 | U17: =R17/T17/2 -> 39.194184 | V17: 1125 | W17: =1400/V17 -> 1.2444444
O18: 3 | P18: 64 | Q18: 0 | R18: 240 | S18: 0.006647 | T18: =S18*57.325 -> 0.38103928 | U18: =R18/T18/2 -> 314.92817 | V18: 609 | W18: =1400/V18 -> 2.2988506
O19: 3.8 | P19: 64 | Q19: 0 | R19: 296 | S19: 0.005614 | T19: =S19*57.325 -> 0.32182255 | U19: =R19/T19/2 -> 459.88076 | V19: 551 | W19: =1400/V19 -> 2.5408348
O20: 3.8 | P20: 64 | Q20: 90 | R20: 197 | S20: 0.02741 | T20: =S20*57.325 -> 1.5712782 | U20: =R20/T20/2 -> 62.687815 | V20: 776 | W20: =1400/V20 -> 1.8041237
O21: 5.2 | P21: 84 | Q21: 0 | R21: 296 | S21: 0.003613 | T21: =S21*57.325 -> 0.20711523 | U21: =R21/T21/2 -> 714.57808 | V21: 320 | W21: =1400/V21 -> 4.375
O22: 5.2 | P22: 84 | Q22: 90 | R22: 197 | S22: 0.0142 | T22: =S22*57.325 -> 0.814015 | U22: =R22/T22/2 -> 121.00514 | V22: 403 | W22: =1400/V22 -> 3.4739454
O23: 4.6 | P23: 84 | Q23: 0 | R23: 296 | S23: 0.004298 | T23: =S23*57.325 -> 0.24638285 | U23: =R23/T23/2 -> 600.69116 | V23: 367 | W23: =1400/V23 -> 3.8147139
O24: 4.2 | P24: 84 | Q24: 0 | R24: 296 | S24: 0.004891 | T24: =S24*57.325 -> 0.28037658 | U24: =R24/T24/2 -> 527.8615 | V24: 406 | W24: =1400/V24 -> 3.4482759
O25: 4.2 | P25: 84 | Q25: 90 | R25: 197 | S25: 0.02154 | T25: =S25*57.325 -> 1.2347805 | U25: =R25/T25/2 -> 79.771263 | V25: 544 | W25: =1400/V25 -> 2.5735294
O26: 3.8 | P26: 84 | Q26: 90 | R26: 197 | S26: 0.02604 | T26: =S26*57.325 -> 1.492743 | U26: =R26/T26/2 -> 65.985906 | V26: 634 | W26: =1400/V26 -> 2.2082019
B27: 43794 | C27: ground | D27: arb_eq [Nm/deg] | E27: Tube deflection ratio | F27: Ktube [Nm/deg] | G27: Kblade [Nm/deg] | H27: Max Trq
B29: max 1 | C29: 2700 | D29: =$D$5/$C$5*C29 -> 53.944559 | E29: 0.93616029 | F29: =1/E29*D29 -> 57.623208 | G29: =1/(1-E29)*D29 -> 845 | H29: =D29*$C$2 -> 761.15772
B30: min 1 | C30: 1950 | D30: =$D$5/$C$5*C30 -> 38.959959 | E30: 0.67614902 | F30: =1/E30*D30 -> 57.620373 | G30: =1/(1-E30)*D30 -> 120.30212 | H30: =D30*$C$2 -> 549.72502
B31: max2 | C31: 1950 | D31: =$D$5/$C$5*C31 -> 38.959959 | E31: 0.93746403 | F31: =1/E31*D31 -> 41.558884 | G31: =1/(1-E31)*D31 -> 623.00078 | H31: =D31*$C$2 -> 549.72502
B32: min2 | C32: 1400 | D32: =$D$5/$C$5*C32 -> 27.971253 | E32: 0.67302786 | F32: =1/E32*D32 -> 41.560319 | G32: =1/(1-E32)*D32 -> 85.546286 | H32: =D32*$C$2 -> 394.67437
B33: max3 | C33: 1400 | D33: =$D$5/$C$5*C33 -> 27.971253 | E33: 0.94405746 | F33: =1/E33*D33 -> 29.628761 | G33: =1/(1-E33)*D33 -> 499.99968 | H33: =D33*$C$2 -> 394.67437
B34: min3 | C34: 1050 | D34: =$D$5/$C$5*C34 -> 20.978439 | E34: 0.70801356 | F34: =1/E34*D34 -> 29.629997 | G34: =1/(1-E34)*D34 -> 71.847308 | H34: =D34*$C$2 -> 296.00578
B35: max 4 | C35: 1050 | D35: =$D$5/$C$5*C35 -> 20.978439 | E35: 0.95793594 | F35: =1/E35*D35 -> 21.899627 | G35: =1/(1-E35)*D35 -> 498.72597 | H35: =D35*$C$2 -> 296.00578
B36: min4 | C36: 850 | D36: =$D$5/$C$5*C36 -> 16.982546 | E36: 0.77547781 | F36: =1/E36*D36 -> 21.899461 | G36: =1/(1-E36)*D36 -> 75.638611 | H36: =D36*$C$2 -> 239.62373
B37: max4 | C37: 850 | D37: =$D$5/$C$5*C37 -> 16.982546 | E37: 0.77549369 | F37: =1/E37*D37 -> 21.899013 | G37: 314 | H37: =D37*$C$2 -> 239.62373
B38: min4 | C38: 700 | D38: =$D$5/$C$5*C38 -> 13.985626 | E38: 0.63862252 | F38: =1/E38*D38 -> 21.899676 | G38: =1/(1-E38)*D38 -> 38.70088 | H38: =D38*$C$2 -> 197.33719

Sheet tube 1
B2: G | C2: 81000000000 | D2: Pa | F2: 004C FRONT
B3: yield_strenght | D3: 859 | E3: Mpa
C4: Rm | D4: 1093 | F4: Rigidezza a terra ARB | G4: 130 | H4: N/mm
F5: Delta Jounce max | G5: 0.06 | H5: m
F6: ARB F max | G6: =G4*G5*1000 -> 7800 | H6: N a terra
F8: Tau fissaggio arb | G8: 1.41 | H8: terra/arb
F10: Forza arb | G10: 9129 | H10: N arb
F11: Leva arb | G11: 0.0848 | H11: m
F12: Momento torcente arb | G12: 900 | H12: Nm
F15: Angolo torsione arb | G15: =ATAN(G5/G8/G11/2)*57.325 -> 14.092125 | H15: deg
F17: Ridigezza torsionale arb | G17: =G12/G15 -> 63.865459 | H17: Nm/deg
F18: in radianti | G18: =G17*57.325 -> 3661.0874 | H18: Nm/rad
F20: Lunghezza barra | G20: 0.966 | H20: m
F22: Diametro arb piena | G22: =(32*G18*G20/(3.14*$C$2))^(1/4)*1000 -> 25.827397 | H22: mm
F24: Tensione al bordo esterno | G24: =G12*G22/1000/2/(3.14/32*(G22/1000)^4) -> 2.6618951e+08 | H24: Pa
G25: =G24/1000000 -> 266.18951 | H25: Mpa
F28: Ipotesi barra cava
F29: D | G29: 30 | H29: mm
F30: d | G30: 26 | H30: mm
F32: K | G32: =3.14*((G29/1000)^4-(G30/1000)^4)*$C$2/(32*G20*57.325) -> 50.66963 | H32: Nm/deg
F34: Tensione al bordo esterno | G34: =16*G12*G29/1000/(3.14*((G29/1000)^4-(G30/1000)^4))/1000000 -> 389.71746 | H34: Mpa
D35: sf(Rp02) | E35: =G35/G34 -> 0.99187241 | F35: max shear | G35: =0.45*D3 -> 386.55 | H35: Mpa
D36: sf(Rm) | E36: =0.45*D4/G34 -> 1.2620682 | F36: max 0.45 sigma snervamento
F38: Massa arb piena | G38: =3.14*(G22/1000)^2/4*G20*7800 -> 3.9455055 | H38: kg
F39: Massa arb cava | G39: =3.14*((G29/1000)^2-(G30/1000)^2)/4*G20*7800 -> 1.3249192 | H39: kg

Sheet tube 1 (2)
B2: G | C2: 81000000000 | D2: Pa | F2: 004C FRONT
B3: yield_strenght | D3: 859 | E3: Mpa
C4: Rm | D4: 1093 | F4: Rigidezza a terra ARB | G4: 130 | H4: N/mm
F5: Delta Jounce max | G5: 0.06 | H5: m
F6: ARB F max | G6: =G4*G5*1000 -> 7800 | H6: N a terra
F8: Tau fissaggio arb | G8: 1.41 | H8: terra/arb
F10: Forza arb | G10: 9129 | H10: N arb
F11: Leva arb | G11: 0.0848 | H11: m
F12: Momento torcente arb | G12: 676.6 | H12: Nm
F15: Angolo torsione arb | G15: =ATAN(G5/G8/G11/2)*57.325 -> 14.092125 | H15: deg
F17: Ridigezza torsionale arb | G17: =G12/G15 -> 48.012633 | H17: Nm/deg
F18: in radianti | G18: =G17*57.325 -> 2752.3242 | H18: Nm/rad
F20: Lunghezza barra | G20: 0.966 | H20: m
F22: Diametro arb piena | G22: =(32*G18*G20/(3.14*$C$2))^(1/4)*1000 -> 24.049331 | H22: mm
F24: Tensione al bordo esterno | G24: =G12*G22/1000/2/(3.14/32*(G22/1000)^4) -> 2.4786392e+08 | H24: Pa
G25: =G24/1000000 -> 247.86392 | H25: Mpa
F28: Ipotesi barra cava
F29: D | G29: 30 | H29: mm
F30: d | G30: 26 | H30: mm
F32: K | G32: =3.14*((G29/1000)^4-(G30/1000)^4)*$C$2/(32*G20*57.325) -> 50.66963 | H32: Nm/deg
F34: Tensione al bordo esterno | G34: =16*G12*G29/1000/(3.14*((G29/1000)^4-(G30/1000)^4))/1000000 -> 292.98093 | H34: Mpa
D35: sf(Rp02) | E35: =G35/G34 -> 1.3193692 | F35: max shear | G35: =0.45*D3 -> 386.55 | H35: Mpa
D36: sf(Rm) | E36: =0.45*D4/G34 -> 1.6787782 | F36: max 0.45 sigma snervamento
F38: Massa arb piena | G38: =3.14*(G22/1000)^2/4*G20*7800 -> 3.4209553 | H38: kg
F39: Massa arb cava | G39: =3.14*((G29/1000)^2-(G30/1000)^2)/4*G20*7800 -> 1.3249192 | H39: kg

Sheet tube 2
B2: G | C2: 81000000000 | D2: Pa | F2: 004C FRONT
B3: yield_strenght | D3: 790 | E3: Mpa
F4: Rigidezza a terra ARB | G4: 130 | H4: N/mm
F5: Delta Jounce max | G5: 0.06 | H5: m
F6: ARB F max | G6: =G4*G5*1000 -> 7800 | H6: N a terra
F8: Tau fissaggio arb | G8: 1.41 | H8: terra/arb
F10: Forza arb | G10: 9129 | H10: N arb
F11: Leva arb | G11: 0.0848 | H11: m
F12: Momento torcente arb | G12: 729 | H12: Nm
F15: Angolo torsione arb | G15: =ATAN(G5/G8/G11/2)*57.325 -> 14.092125 | H15: deg
F17: Ridigezza torsionale arb | G17: =G12/G15 -> 51.731022 | H17: Nm/deg
F18: in radianti | G18: =G17*57.325 -> 2965.4808 | H18: Nm/rad
F20: Lunghezza barra | G20: 0.966 | H20: m
F22: Diametro arb piena | G22: =(32*G18*G20/(3.14*$C$2))^(1/4)*1000 -> 24.50202 | H22: mm
F24: Tensione al bordo esterno | G24: =G12*G22/1000/2/(3.14/32*(G22/1000)^4) -> 2.5252955e+08 | H24: Pa
G25: =G24/1000000 -> 252.52955 | H25: Mpa
F28: Ipotesi barra cava
F29: D | G29: 28 | H29: mm
F30: d | G30: 24 | H30: mm
F32: K | G32: =3.14*((G29/1000)^4-(G30/1000)^4)*$C$2/(32*G20*57.325) -> 40.601842 | H32: Nm/deg
F34: Tensione al bordo esterno | G34: =16*G12*G29/1000/(3.14*((G29/1000)^4-(G30/1000)^4))/1000000 -> 367.68308 | H34: Mpa
D35: sf(Rp02) | E35: =G35/G34 -> 0.96686526 | F35: max shear | G35: =0.45*D3 -> 355.5 | H35: Mpa
D36: sf(Rm) | E36: =0.45*D4/G34 -> 0 | F36: max 0.45 sigma snervamento
F38: Massa arb piena | G38: =3.14*(G22/1000)^2/4*G20*7800 -> 3.550955 | H38: kg
F39: Massa arb cava | G39: =3.14*((G29/1000)^2-(G30/1000)^2)/4*G20*7800 -> 1.2302821 | H39: kg

Sheet tube 2 (2)
B2: G | C2: 81000000000 | D2: Pa | F2: 004C FRONT
B3: yield_strenght | D3: 790 | E3: Mpa
F4: Rigidezza a terra ARB | G4: 130 | H4: N/mm
F5: Delta Jounce max | G5: 0.06 | H5: m
F6: ARB F max | G6: =G4*G5*1000 -> 7800 | H6: N a terra
F8: Tau fissaggio arb | G8: 1.41 | H8: terra/arb
F10: Forza arb | G10: 9129 | H10: N arb
F11: Leva arb | G11: 0.0848 | H11: m
F12: Momento torcente arb | G12: 547.7 | H12: Nm
F15: Angolo torsione arb | G15: =ATAN(G5/G8/G11/2)*57.325 -> 14.092125 | H15: deg
F17: Ridigezza torsionale arb | G17: =G12/G15 -> 38.86568 | H17: Nm/deg
F18: in radianti | G18: =G17*57.325 -> 2227.9751 | H18: Nm/rad
F20: Lunghezza barra | G20: 0.966 | H20: m
F22: Diametro arb piena | G22: =(32*G18*G20/(3.14*$C$2))^(1/4)*1000 -> 22.811597 | H22: mm
F24: Tensione al bordo esterno | G24: =G12*G22/1000/2/(3.14/32*(G22/1000)^4) -> 2.3510724e+08 | H24: Pa
G25: =G24/1000000 -> 235.10724 | H25: Mpa
F28: Ipotesi barra cava
F29: D | G29: 28 | H29: mm
F30: d | G30: 24 | H30: mm
F32: K | G32: =3.14*((G29/1000)^4-(G30/1000)^4)*$C$2/(32*G20*57.325) -> 40.601842 | H32: Nm/deg
F34: Tensione al bordo esterno | G34: =16*G12*G29/1000/(3.14*((G29/1000)^4-(G30/1000)^4))/1000000 -> 276.24146 | H34: Mpa
D35: sf(Rp02) | E35: =G35/G34 -> 1.2869176 | F35: max shear | G35: =0.45*D3 -> 355.5 | H35: Mpa
D36: sf(Rm) | E36: =0.45*D4/G34 -> 0 | F36: max 0.45 sigma snervamento
F38: Massa arb piena | G38: =3.14*(G22/1000)^2/4*G20*7800 -> 3.0778877 | H38: kg
F39: Massa arb cava | G39: =3.14*((G29/1000)^2-(G30/1000)^2)/4*G20*7800 -> 1.2302821 | H39: kg

Sheet tube 3 
B2: G | C2: 81000000000 | D2: Pa | F2: 004C FRONT
B3: yield_strenght | D3: 809 | E3: Mpa
D4: 1103 | F4: Rigidezza a terra ARB | G4: 130 | H4: N/mm
F5: Delta Jounce max | G5: 0.06 | H5: m
F6: ARB F max | G6: =G4*G5*1000 -> 7800 | H6: N a terra
F8: Tau fissaggio arb | G8: 1.41 | H8: terra/arb
F10: Forza arb | G10: 9129 | H10: N arb
F11: Leva arb | G11: 0.0848 | H11: m
F12: Momento torcente arb | G12: 596 | H12: Nm
F15: Angolo torsione arb | G15: =ATAN(G5/G8/G11/2)*57.325 -> 14.092125 | H15: deg
F17: Ridigezza torsionale arb | G17: =G12/G15 -> 42.293126 | H17: Nm/deg
F18: in radianti | G18: =G17*57.325 -> 2424.4534 | H18: Nm/rad
F20: Lunghezza barra | G20: 0.966 | H20: m
F22: Diametro arb piena | G22: =(32*G18*G20/(3.14*$C$2))^(1/4)*1000 -> 23.298694 | H22: mm
F24: Tensione al bordo esterno | G24: =G12*G22/1000/2/(3.14/32*(G22/1000)^4) -> 2.4012749e+08 | H24: Pa
G25: =G24/1000000 -> 240.12749 | H25: Mpa
F28: Ipotesi barra cava
F29: D | G29: 25 | H29: mm
F30: d | G30: 20 | H30: mm
F32: K | G32: =3.14*((G29/1000)^4-(G30/1000)^4)*$C$2/(32*G20*57.325) -> 33.101668 | H32: Nm/deg
F34: Tensione al bordo esterno | G34: =16*G12*G29/1000/(3.14*((G29/1000)^4-(G30/1000)^4))/1000000 -> 329.20788 | H34: Mpa
D35: sf(Rp02) | E35: =G35/G34 -> 1.1058362 | F35: max shear | G35: =0.45*D3 -> 364.05 | H35: Mpa
D36: sf(Rm) | E36: =0.45*D4/G34 -> 1.50771 | F36: max 0.45 sigma snervamento
F38: Massa arb piena | G38: =3.14*(G22/1000)^2/4*G20*7800 -> 3.2107355 | H38: kg
F39: Massa arb cava | G39: =3.14*((G29/1000)^2-(G30/1000)^2)/4*G20*7800 -> 1.3308341 | H39: kg

Sheet tube 3  (2)
B2: G | C2: 81000000000 | D2: Pa | F2: 004C FRONT
B3: yield_strenght | D3: 809 | E3: Mpa
D4: 1103 | F4: Rigidezza a terra ARB | G4: 130 | H4: N/mm
F5: Delta Jounce max | G5: 0.06 | H5: m
F6: ARB F max | G6: =G4*G5*1000 -> 7800 | H6: N a terra
F8: Tau fissaggio arb | G8: 1.41 | H8: terra/arb
F10: Forza arb | G10: 9129 | H10: N arb
F11: Leva arb | G11: 0.0848 | H11: m
F12: Momento torcente arb | G12: 449.6 | H12: Nm
F15: Angolo torsione arb | G15: =ATAN(G5/G8/G11/2)*57.325 -> 14.092125 | H15: deg
F17: Ridigezza torsionale arb | G17: =G12/G15 -> 31.904345 | H17: Nm/deg
F18: in radianti | G18: =G17*57.325 -> 1828.9166 | H18: Nm/rad
F20: Lunghezza barra | G20: 0.966 | H20: m
F22: Diametro arb piena | G22: =(32*G18*G20/(3.14*$C$2))^(1/4)*1000 -> 21.713337 | H22: mm
F24: Tensione al bordo esterno | G24: =G12*G22/1000/2/(3.14/32*(G22/1000)^4) -> 2.2378805e+08 | H24: Pa
G25: =G24/1000000 -> 223.78805 | H25: Mpa
F28: Ipotesi barra cava
F29: D | G29: 25 | H29: mm
F30: d | G30: 20 | H30: mm
F32: K | G32: =3.14*((G29/1000)^4-(G30/1000)^4)*$C$2/(32*G20*57.325) -> 33.101668 | H32: Nm/deg
F34: Tensione al bordo esterno | G34: =16*G12*G29/1000/(3.14*((G29/1000)^4-(G30/1000)^4))/1000000 -> 248.34205 | H34: Mpa
D35: sf(Rp02) | E35: =G35/G34 -> 1.4659217 | F35: max shear | G35: =0.45*D3 -> 364.05 | H35: Mpa
D36: sf(Rm) | E36: =0.45*D4/G34 -> 1.9986547 | F36: max 0.45 sigma snervamento
F38: Massa arb piena | G38: =3.14*(G22/1000)^2/4*G20*7800 -> 2.7886535 | H38: kg
F39: Massa arb cava | G39: =3.14*((G29/1000)^2-(G30/1000)^2)/4*G20*7800 -> 1.3308341 | H39: kg

Sheet tube 4
B2: G | C2: 81000000000 | D2: Pa | F2: 004C FRONT
B3: yield_strenght | D3: 790 | E3: Mpa
F4: Rigidezza a terra ARB | G4: 130 | H4: N/mm
F5: Delta Jounce max | G5: 0.06 | H5: m
F6: ARB F max | G6: =G4*G5*1000 -> 7800 | H6: N a terra
F8: Tau fissaggio arb | G8: 1.41 | H8: terra/arb
F10: Forza arb | G10: 9129 | H10: N arb
F11: Leva arb | G11: 0.0848 | H11: m
F12: Momento torcente arb | G12: 380 | H12: Nm
F15: Angolo torsione arb | G15: =ATAN(G5/G8/G11/2)*57.325 -> 14.092125 | H15: deg
F17: Ridigezza torsionale arb | G17: =G12/G15 -> 26.965416 | H17: Nm/deg
F18: in radianti | G18: =G17*57.325 -> 1545.7925 | H18: Nm/rad
F20: Lunghezza barra | G20: 0.966 | H20: m
F22: Diametro arb piena | G22: 20 | H22: mm
F24: Tensione al bordo esterno | G24: =G12*G22/1000/2/(3.14/32*(G22/1000)^4) -> 2.4203822e+08 | H24: Pa
G25: =G24/1000000 -> 242.03822 | H25: Mpa
F28: Ipotesi barra cava
F29: D | G29: 25 | H29: mm
F30: d | G30: 21 | H30: mm
F32: K | G32: =3.14*((G29/1000)^4-(G30/1000)^4)*$C$2/(32*G20*57.325) -> 28.152601 | H32: Nm/deg
F34: Tensione al bordo esterno | G34: =16*G12*G29/1000/(3.14*((G29/1000)^4-(G30/1000)^4))/1000000 -> 246.79645 | H34: Mpa
D35: sf(Rp02) | E35: =G35/G34 -> 1.4404583 | F35: max shear | G35: =0.45*D3 -> 355.5 | H35: Mpa
D36: sf(Rm) | E36: =0.45*D4/G34 -> 0 | F36: max 0.45 sigma snervamento
F38: Massa arb piena | G38: =3.14*(G22/1000)^2/4*G20*7800 -> 2.3659272 | H38: kg
F39: Massa arb cava | G39: =3.14*((G29/1000)^2-(G30/1000)^2)/4*G20*7800 -> 1.0883265 | H39: kg

Sheet tube 4 (2)
B2: G | C2: 81000000000 | D2: Pa | F2: 004C FRONT
B3: yield_strenght | D3: 790 | E3: Mpa
F4: Rigidezza a terra ARB | G4: 130 | H4: N/mm
F5: Delta Jounce max | G5: 0.06 | H5: m
F6: ARB F max | G6: =G4*G5*1000 -> 7800 | H6: N a terra
F8: Tau fissaggio arb | G8: 1.41 | H8: terra/arb
F10: Forza arb | G10: 9129 | H10: N arb
F11: Leva arb | G11: 0.0848 | H11: m
F12: Momento torcente arb | G12: 506 | H12: Nm
F15: Angolo torsione arb | G15: =ATAN(G5/G8/G11/2)*57.325 -> 14.092125 | H15: deg
F17: Ridigezza torsionale arb | G17: =G12/G15 -> 35.90658 | H17: Nm/deg
F18: in radianti | G18: =G17*57.325 -> 2058.3447 | H18: Nm/rad
F20: Lunghezza barra | G20: 0.966 | H20: m
F22: Diametro arb piena | G22: 20 | H22: mm
F24: Tensione al bordo esterno | G24: =G12*G22/1000/2/(3.14/32*(G22/1000)^4) -> 3.2229299e+08 | H24: Pa
G25: =G24/1000000 -> 322.29299 | H25: Mpa
F28: Ipotesi barra cava
F29: D | G29: 25 | H29: mm
F30: d | G30: 21 | H30: mm
F32: K | G32: =3.14*((G29/1000)^4-(G30/1000)^4)*$C$2/(32*G20*57.325) -> 28.152601 | H32: Nm/deg
F34: Tensione al bordo esterno | G34: =16*G12*G29/1000/(3.14*((G29/1000)^4-(G30/1000)^4))/1000000 -> 328.62896 | H34: Mpa
D35: sf(Rp02) | E35: =G35/G34 -> 1.0817671 | F35: max shear | G35: =0.45*D3 -> 355.5 | H35: Mpa
D36: sf(Rm) | E36: =0.45*D4/G34 -> 0 | F36: max 0.45 sigma snervamento
F38: Massa arb piena | G38: =3.14*(G22/1000)^2/4*G20*7800 -> 2.3659272 | H38: kg
F39: Massa arb cava | G39: =3.14*((G29/1000)^2-(G30/1000)^2)/4*G20*7800 -> 1.0883265 | H39: kg

Sheet tube 5
B2: G | C2: 81000000000 | D2: Pa | F2: 004C FRONT
B3: yield_strenght | D3: 790 | E3: Mpa
F4: Rigidezza a terra ARB | G4: 130 | H4: N/mm
F5: Delta Jounce max | G5: 0.06 | H5: m
F6: ARB F max | G6: =G4*G5*1000 -> 7800 | H6: N a terra
F8: Tau fissaggio arb | G8: 1.41 | H8: terra/arb
F10: Forza arb | G10: 9129 | H10: N arb
F11: Leva arb | G11: 0.0848 | H11: m
F12: Momento torcente arb | G12: 405 | H12: Nm
F15: Angolo torsione arb | G15: =ATAN(G5/G8/G11/2)*57.325 -> 14.092125 | H15: deg
F17: Ridigezza torsionale arb | G17: =G12/G15 -> 28.739456 | H17: Nm/deg
F18: in radianti | G18: =G17*57.325 -> 1647.4893 | H18: Nm/rad
F20: Lunghezza barra | G20: 0.966 | H20: m
F22: Diametro arb piena | G22: 20 | H22: mm
F24: Tensione al bordo esterno | G24: =G12*G22/1000/2/(3.14/32*(G22/1000)^4) -> 2.5796178e+08 | H24: Pa
G25: =G24/1000000 -> 257.96178 | H25: Mpa
F28: Ipotesi barra cava
F29: D | G29: 20 | H29: mm
F30: d | G30: 0 | H30: mm
F32: K | G32: =3.14*((G29/1000)^4-(G30/1000)^4)*$C$2/(32*G20*57.325) -> 22.964843 | H32: Nm/deg
F34: Tensione al bordo esterno | G34: =16*G12*G29/1000/(3.14*((G29/1000)^4-(G30/1000)^4))/1000000 -> 257.96178 | H34: Mpa
D35: sf | E35: =G35/G34 -> 1.3781111 | F35: max shear | G35: =0.45*D3 -> 355.5 | H35: Mpa
F36: max 0.45 sigma snervamento
F38: Massa arb piena | G38: =3.14*(G22/1000)^2/4*G20*7800 -> 2.3659272 | H38: kg
F39: Massa arb cava | G39: =3.14*((G29/1000)^2-(G30/1000)^2)/4*G20*7800 -> 2.3659272 | H39: kg

Sheet FINAL
B2: Max torsion | C2: 18.7663 | D2: deg | E2: Max | F2: 14.11 | G2: deg
B4: 43797 | C4: ground | D4: arb_eq [Nm/deg] | E4: Tube deflection ratio | F4: Ktube [Nm/deg] | G4: Kblade [Nm/deg] | H4: Max Trq (max roll+30%susp) | I4: tube dimension | J4: blade thick | K4: blade length | L4: blade orient | M4: blade SF | N4: tube SF | O4: tube SF | P4: Max Trq (max roll) | Q4: tube SF
B5: ref | C5: 1948 | D5: 38.92 | E5: 0.95315513 | F5: =1/E5*D5 -> 40.832808 | G5: =1/(1-E5)*D5 -> 830.8273 | H5: =D5*$C$2 -> 730.3844 | N5: (Rm) | O5: (Rp02) | P5: =F2 -> 14.11 | Q5: (Rp02)
B6: max 1 | C6: 2400 | D6: =$D$5/$C$5*C6 -> 47.950719 | E6: 0.94633573 | F6: =1/E6*D6 -> 50.669881 | G6: =1/(1-E6)*D6 -> 893.53156 | H6: =D6*$C$2 -> 899.85757 | I6: Ø 30 x 2 | J6: 6.2 | K6: 64 | L6: 0 | M6: 1.4 | N6: ='tube 1'!E36 -> 1.2620682 | O6: ='tube 1'!E35 -> 0.99187241 | P6: =D6*$F$2 -> 676.58464 | Q6: ='tube 1 (2)'!E35 -> 1.3193692
B7: min 1 | C7: 1980 | D7: =$D$5/$C$5*C7 -> 39.559343 | E7: 0.78072505 | F7: =1/E7*D7 -> 50.670006 | G7: =1/(1-E7)*D7 -> 180.40977 | H7: =D7*$C$2 -> 742.3825 | I7: Ø 30 x 2 | J7: 6.2 | K7: 64 | L7: 90 | M7: 1 | P7: =D7*$F$2 -> 558.18233
B8: max2 | C8: 1943 | D8: =$D$5/$C$5*C8 -> 38.820103 | E8: 0.9561691 | F8: =1/E8*D8 -> 40.599621 | G8: =1/(1-E8)*D8 -> 885.67892 | H8: =D8*$C$2 -> 728.50969 | I8: Ø 28 x 2 | J8: 5.8 | K8: 64 | L8: 0 | M8: 1.7 | N8: ='tube 2'!E36 -> 0 | O8: 0.96 | P8: =D8*$F$2 -> 547.75165 | Q8: ='tube 2 (2)'!E35 -> 1.2869176
B9: min2 | C9: 1610 | D9: =$D$5/$C$5*C9 -> 32.16694 | E9: 0.79230756 | F9: =1/E9*D9 -> 40.599058 | G9: =1/(1-E9)*D9 -> 154.87776 | H9: =D9*$C$2 -> 603.65445 | I9: Ø 28 x 2 | J9: 5.8 | K9: 64 | L9: 90 | M9: 1.13 | P9: =D9*$F$2 -> 453.87553
B10: max3 | C10: 1595 | D10: =$D$5/$C$5*C10 -> 31.867248 | E10: 0.96276744 | F10: =1/E10*D10 -> 33.099633 | G10: =1/(1-E10)*D10 -> 855.89724 | H10: =D10*$C$2 -> 598.03034 | I10: Ø 25 x 2.5 | J10: 5.6 | K10: 64 | L10: 0 | M10: 1.58 | N10: ='tube 3 '!E36 -> 1.50771 | O10: ='tube 3 '!E35 -> 1.1058362 | P10: =D10*$F$2 -> 449.64688 | Q10: ='tube 3 (2)'!E35 -> 1.4659217
B11: min3 | C11: 1300 | D11: =$D$5/$C$5*C11 -> 25.973306 | E11: 0.78470545 | F11: =1/E11*D11 -> 33.099434 | G11: =1/(1-E11)*D11 -> 120.6408 | H11: =D11*$C$2 -> 487.42285 | I11: Ø 25 x 2.5 | J11: 5.6 | K11: 64 | L11: 90 | M11: 1.14 | P11: =D11*$F$2 -> 366.48335
B12: max 4 | C12: 1348 | D12: =$D$5/$C$5*C12 -> 26.93232 | E12: 0.9564108 | F12: =1/E12*D12 -> 28.159783 | G12: =1/(1-E12)*D12 -> 617.86682 | H12: =D12*$C$2 -> 505.42 | I12: Ø 25 x 1.5 | J12: 4.6 | K12: 64 | L12: 0 | M12: 1.65 | N12: ='tube 4'!E36 -> 0 | O12: ='tube 4'!E35 -> 1.4404583 | P12: =D12*$F$2 -> 380.01504 | Q12: ='tube 4 (2)'!E35 -> 1.0817671
B13: min4 | C13: 1080 | D13: =$D$5/$C$5*C13 -> 21.577823 | E13: 0.76631633 | F13: =1/E13*D13 -> 28.157854 | G13: =1/(1-E13)*D13 -> 92.337747 | H13: =D13*$C$2 -> 404.93591 | I13: Ø 25 x 1.5 | J13: 4.6 | K13: 64 | L13: 90 | M13: 1.1 | P13: =D13*$F$2 -> 304.46309
B14: max5 | C14: 1080 | D14: =$D$5/$C$5*C14 -> 21.577823 | E14: 0.93982382 | F14: =1/E14*D14 -> 22.959434 | G14: =1/(1-E14)*D14 -> 358.57749 | H14: =D14*$C$2 -> 404.93591 | I14: Ø 20 | J14: 3.2 | K14: 64 | L14: 0 | M14: 1.45 | O14: 1.38 | P14: =D14*$F$2 -> 304.46309
B15: min5 | C15: 750 | D15: =$D$5/$C$5*C15 -> 14.9846 | E15: 0.65263881 | F15: =1/E15*D15 -> 22.960019 | G15: =1/(1-E15)*D15 -> 43.138381 | H15: =D15*$C$2 -> 281.20549 | I15: Ø 20 | J15: 3.2 | K15: 64 | L15: 90 | M15: 0.97 | P15: =D15*$F$2 -> 211.4327
